ID,Name,Danceability,Energy,Key,Loudness,Mode,Speechiness,Acousticness,Instrumentalness,Liveness,Valence,Tempo,Duration_ms,Time_Signature,Label
55mcupbf7cIsuCEVAuTJVk,OVGTC - Star Wars remix,0.7585784313725491,0.841988727858293,0.5454545454545454,0.9371070757670632,1,0.5255759468957438,0.0871328801560648,0.0,0.2848808134689115,0.813697470096327,0.9335252158678514,0.05847130672479715,0.75,like
57RtLWT7IpugV0yi5bsxJk,RÃªves de mÃ´me,0.5428921568627451,0.5823268921095008,0.9090909090909091,0.8324358171571696,0,0.6075751659508005,0.7567831740589758,1.4344685242518061e-06,0.16152692115352563,0.33418016301471365,0.13627831310224,0.15941592706008548,0.75,like
5VyfAfp2Yt3qaeuvq55ll3,4 millions,0.8210784313725491,0.7212157809983897,0.6363636363636364,0.901665623043206,1,0.40257711831315895,0.10954500915806827,0.0,0.04150691781963661,0.8253413782153064,0.6991532140324531,0.26582758083770175,0.75,like
3eWHY75nDgte70hh5yf4UW,Bandana mauve,0.7941176470588236,0.6336553945249598,0.7272727272727273,0.8978334376956794,1,0.1897696212417025,0.040600074201232475,0.0,0.09684947491248543,0.8380438234360114,0.6739248321027822,0.25401982664659783,0.75,like
2UwrB6Ge6mPfUV8yGvAfX7,Brothers (Remix RilÃ¨s),0.8174019607843138,0.855072463768116,0.7272727272727273,0.9282154038822793,1,0.41624365482233505,0.0557760001173873,2.5283797729618164e-05,0.0341723620603434,0.47073144913729226,0.632912026029283,0.04351135793498383,0.75,like
4HolRqFuNvTvoLR2l1gexi,Challenge incroyable #2,0.7512254901960784,0.6648550724637682,0.18181818181818182,0.8463619286161553,1,0.0447090980085904,0.014871352118215038,0.0006873065015479877,0.5999333222203701,0.40192653752514024,0.5993492679264173,0.03944049410909846,0.75,like
6dS1JCvtMJQ1O9bseVLyJz,Freestyle Challenge,0.9620098039215688,0.5521336553945251,0.7272727272727273,0.7957670632435816,1,0.6153846153846154,0.034368899321751696,0.0,0.11485247541256874,0.7597120779083307,0.5400659074792475,0.019233231258974758,0.75,like
3zCWbPJVp1egCgyoMYAsDN,Electron libÃ©rable,0.8186274509803922,0.8379629629629629,0.8181818181818182,0.9625297432686286,1,0.34010152284263967,0.16582658871466893,0.0,0.13152192032005333,0.6072827352598709,0.7497518041129604,0.10732859293091815,0.75,like
0O4U6fVE1TwWYhM4fKr1Fh,WAW,0.8541666666666666,0.8067632850241546,0.8181818181818182,0.9120851596743895,1,0.19562670831706366,0.45728476856135086,1.455108359133127e-06,0.3982330388398067,0.561765639885678,0.7167062945814041,0.17540353973114653,0.75,like
3yFf0EtFwkiVSbf8CK4CB3,EN ATTENDANT,0.8578431372549019,0.7091384863123993,0.18181818181818182,0.9138134001252347,1,0.48652869972666934,0.16783664512740468,0.0,0.07767961326887814,0.6845559436858263,0.7173319984983105,0.19633224338679262,0.75,like
4KMKVNmgBs8L2MMkJ3iDtG,Bang Bang,0.8112745098039217,0.5370370370370371,0.8181818181818182,0.7884032561051972,1,0.10054666146036705,0.0008100024829221839,0.0025283797729618164,0.07884647441240207,0.44003387318725523,0.3326742585408584,0.12421411394266535,0.75,like
2ODYKhD4xlPViKP4LrNAwD,La marelle,0.625,0.855072463768116,0.45454545454545453,0.8879398872886661,0,0.02186645841468177,0.004197952566588269,1.1145510835913313e-06,0.18819803300550092,0.8740340848946756,0.7077795853668709,0.19514714278299683,0.75,like
6tQB8rJfdvILrxIxuKIRMu,Christophe (Remix Orelsan),0.7892156862745099,0.8560789049919485,0.09090909090909091,0.8848591108328115,1,0.4260054666146037,0.027635210339086967,0.0,0.09084847474579097,0.6178681062771251,0.5245067367455053,0.04982093735402502,0.75,like
4sTDuXa8uGDHwJdsXUqIBo,Understood,0.8688725490196079,0.6306360708534622,0.2727272727272727,0.9166687539135878,0,0.2327215931276845,0.24220873239862695,0.0,0.12485414235705951,0.7290145019582936,0.28229257915154543,0.2258940156744693,0.75,like
4zHabeonyLGTgnR9R5RY3X,Dimanche,0.6593137254901962,0.45954106280193235,0.5454545454545454,0.7561427676894177,0,0.17610308473252637,0.050147842161727234,1.0319917440660475e-06,0.6249374895815969,0.518365618714936,0.824677762482793,0.1889448279441532,0.75,like
2lTWOBGyQkBRIgzCtomXSL,Depuis quand,0.8406862745098039,0.4333735909822866,0.09090909090909091,0.8283281152160301,1,0.41624365482233505,0.0047306175159632395,0.0,0.16486081013502255,0.6782047210754738,0.7322487798773621,0.25569972837840177,0.75,like
3FVdWR0C2QAqXxhW1al2fT,OUI,0.7230392156862745,0.6719001610305959,0.6363636363636364,0.8483656856606137,1,0.27176884029675913,0.08612785194969692,0.0,0.11318553092182033,0.7734730602307611,0.7587953113919826,0.22940433556512863,0.75,like
0V5c3isfSfyl7zQDtV9fAp,Forever Broke,0.7598039215686275,0.7745571658615137,0.9090909090909091,0.8404508453350032,0,0.25224521671222183,0.20703274517575154,0.0,0.06951158526421071,0.556472954377051,0.6658240520585658,0.25482777114582794,0.75,like
43kQu3PTBhCZCNhzaufAaX,Two Tone Rebel,0.704656862745098,0.9738325281803543,0.7272727272727273,0.9763556668753913,1,0.4513861772745022,0.24220873239862695,0.0,0.4265710951825304,0.7734730602307611,0.3320318691861677,0.20230618847424786,0.75,like
75bVc27bDSOAhMAL38cXpV,MÃ©chant,0.49142156862745107,0.8057568438003221,0.7272727272727273,0.9601001878522228,0,0.6075751659508005,0.32663110173352794,0.0,0.5582597099516586,0.4008680004234148,0.31150878071163396,0.1971073164824138,1.0,like
481uvgYccF51OUrEzIbop2,Megazord,0.8014705882352942,0.9053945249597424,1.0,0.9255604257983719,0,0.030456852791878177,0.0030924215395836136,0.00024045407636738906,0.16152692115352563,0.24949719487668046,0.332340549785175,0.18829778031521946,0.75,like
6mKLhdZIMaHpZ9kbmq9SOS,Sankhara #4 (Chic),0.761029411764706,0.7222222222222222,0.5454545454545454,0.9367814652473387,1,0.53924248340492,0.29648025554249186,0.0,0.5065844307384564,0.7681803747221341,0.6663329579109831,0.2084237296932579,0.75,like
0wSGClIhJMGkdamvWSTqX0,Les 7 pÃ©chÃ©s capitaux / ColÃ¨re,0.8406862745098039,0.6688808373590983,0.6363636363636364,0.8440826549780839,1,0.09371339320577901,0.2361785631604197,0.0,0.04467411235205868,0.3881655552027099,0.6241521711925918,0.014065500596875486,0.5,like
0gQB2HvjH14xfWVmYEUafn,Siri 3,0.9166666666666667,0.6014492753623188,0.5454545454545454,0.8617407639323731,1,0.22295978133541586,0.40703335824295744,0.0,0.14319053175529256,0.5331851381390919,0.12376423476410962,0.18457812148578745,0.75,like
1zYBkCM626hfZmjIS1QYiX,Le bon chemin,0.7647058823529412,0.47564412238325277,0.09090909090909091,0.7857733249843456,1,0.24638812963686063,0.525626686594366,0.0,0.1331888648108018,0.21138985921456546,0.4741584282317607,0.2148423037663708,0.75,like
3UKwm5G898I1BvYt7uU4t0,Petit con,0.9375000000000001,0.4796698872785829,1.0,0.8313087038196619,0,0.47871925029285445,0.20904280158848726,0.0,0.09518253042173697,0.7237218164496666,0.7164560130146416,0.0992214667566305,0.75,like
0br27hgKNVMLyXKS3qjLOu,Gaz,0.9730392156862746,0.750402576489533,0.18181818181818182,0.96721352536005,1,0.3127684498242874,0.17487184257197974,0.0,0.28988164694115687,0.36593627606647616,0.5080048387769573,0.22917250566599193,0.75,like
6u1rhQAvxkWLeuqUC3iJD0,J'turn up (feat. Alkpote et Njd),0.8541666666666666,0.7051127214170693,0.18181818181818182,0.9427175954915467,1,0.164388910581804,0.06200717499686808,0.0,0.02550425070845141,0.5829363819201863,0.6413214866725067,0.23745782944931748,0.75,like
2MCAs3ttHSuDm1RHL0rqTF,Jamais,0.6262254901960785,0.6749194847020935,0.5454545454545454,0.8827551659361301,0,0.11304178055447091,0.43115403519578627,0.0,0.11985330888481413,0.793585265163544,0.7492011846660825,0.1987924084358402,0.75,like
7AJKmkPoSxic6mdUSjrbUZ,Quoi de neuf?,0.8186274509803922,0.5682367149758454,0.6363636363636364,0.8929492798998121,1,0.7579070675517376,0.12261037584085056,0.0,0.11318553092182033,0.6602095903461417,0.11269344679431027,0.02915347485337624,0.75,like
3VYNqg6APRVQasDJnwlJ6H,FÃ©fÃ©,0.8786764705882353,0.8480273752012882,0.09090909090909091,0.9858484658735127,0,0.5411948457633737,0.280399804240606,0.0,0.03150525087514586,0.6326876257012809,0.6827764568472865,0.19685299562291309,0.75,like
4CF6itOplqlu7ilwLtYUl3,Evil,0.5355392156862745,0.7997181964573269,0.09090909090909091,0.9815904821540389,0,0.33619679812573217,0.39396799156017515,0.0,0.13818969828304717,0.6549169048375146,0.4230676177366204,0.2448556253352018,0.5,like
59wSo3BVsBDZWMRKLwTpdv,Tour de contrÃ´le,0.7622549019607844,0.90841384863124,1.0,0.8828052598622417,0,0.2991019133151113,0.09356506067681916,0.0007626418988648091,0.5365894315719286,0.5141314703080343,0.7576857297793352,0.17630144807183268,0.75,like
07whpV2cnsEG3vk4qGxRQN,Challenge incroyable,0.8897058823529412,0.6034621578099839,0.0,0.8538008766437069,0,0.6017180788754394,0.1276355168726899,0.0,0.13652275379229872,0.7279559648565682,0.690601927168064,0.0,0.75,like
2HhCeucatmy92kC1NHJYjQ,Legends Never Die,0.3921568627450981,0.9557165861513687,0.18181818181818182,0.9313963681903569,0,0.12143693869582195,0.00024115651811797012,0.004633642930856554,0.8683113852308719,0.14999470731449135,0.6663746715054436,0.240186155948859,0.75,like
4gohbLz14XeqPbH5uxbZBz,PIMP,0.9227941176470589,0.5591787439613527,0.09090909090909091,0.8986599874765185,0,0.35181569699336196,0.5447222225153555,1.909184726522188e-06,0.10051675279213203,0.531068063935641,0.7827055437367039,0.21967786024463246,0.75,like
35tyQCmxn6cj2r7eAb4JXP,CarreÌpisode #3,0.9080882352941176,0.6749194847020935,0.45454545454545453,0.9241828428303068,0,0.632955876610699,0.2884400298915489,0.0,0.3098849808301384,0.6856144807875517,0.7668126642472782,0.14836594522586113,0.75,like
3Sd7FiZtfsVHKEvjshCsHC,Koro,1.0,0.8510466988727858,0.8181818181818182,0.9666374452097684,1,0.25419757907067553,0.5155764045306873,0.0,0.13152192032005333,0.6527998306340638,0.4993534392858632,0.1847666995380703,0.75,like
6yE734jgKBYFAzymZ6Elal,Gamme,0.9583333333333335,0.5783011272141707,0.18181818181818182,0.8917720726361927,1,0.7286216321749317,0.10652992453896466,0.0,0.05967661276879481,0.8602731025722451,0.6660075918741919,0.15510112281794433,0.75,like
0De4Cl3YncrwWkqJiJfA7k,PLM,0.8835784313725491,0.6880032206119163,1.0,0.8545522855353788,1,0.3791487700117142,0.5999987738655882,1.1145510835913313e-06,0.1298549758293049,0.7586535408066053,0.7910148917532223,0.2043926575664781,0.75,like
5mA2JwcgMq4FIIBKKKLsuW,Lost,0.75,0.4233091787439613,0.09090909090909091,0.8131747025673136,0,0.15657946114798907,0.8361804023620374,1.0732714138286895e-05,0.05217536256042674,0.7163120567375886,0.12393108914195132,0.20206743827961454,0.75,like
0E2IUIi4k7klypQqmEcrkt,Double Face,0.6936274509803921,0.8077697262479872,0.09090909090909091,0.8811271133375078,1,0.4396720031237798,0.20401766055664794,7.84313725490196e-06,0.32322053675612605,0.2621996400973854,0.5968798231343596,0.12494420511755852,0.75,like
27x1z3kAL3Jx5TF4HyikPG,07 56 89 24 89,0.6973039215686274,0.6115136876006442,0.8181818181818182,0.8856856606136506,1,0.39672003123779775,0.001534627819713417,1.8059855521155832e-06,0.5599266544424071,0.5734095480046575,0.9171317732449006,0.2193681770211588,0.75,like
5UcJfhiAQOqC5MtpwsM20t,Fuegolando (Kikesa Remix),0.886029411764706,0.6175523349436393,0.5454545454545454,0.8521477770820288,0,0.46114798906677085,0.010449228010196413,0.0,0.05217536256042674,0.6940827776013548,0.5413423434697368,0.09231155170325774,0.75,like
4VdQCcXDuzb6Ks1yLT9FnO,Ceci n'est pas du rap (feat. Niro),0.8615196078431373,0.8158212560386473,0.36363636363636365,0.9155416405760801,0,0.5119094103865678,0.24522381701773055,0.0,0.1581930321720287,0.7089022970255107,0.7833062194969341,0.2431739935295237,0.75,like
4uq48sO2YTTJ0l74R9tOdo,Mort de rire,0.8823529411764706,0.8560789049919485,0.7272727272727273,0.9169943644333125,1,0.18586489652479501,0.015574871862672545,0.0,0.11985330888481413,0.7395998729755477,0.6829266257873441,0.10328195013927095,0.75,like
1UvYiDcJVolpUAQWpwrxNw,Goulag,0.9448529411764707,0.6547906602254429,0.09090909090909091,0.903243581715717,1,0.5470519328387349,0.46834007883139744,0.0,0.29488248041340226,0.5458875833597968,0.6074166770950654,0.167443469836162,0.75,like
0HkoTr9t0f6MeqGoUS3E3e,JOKER,0.7745098039215687,0.7051127214170693,0.9090909090909091,0.8593613024420789,0,0.5431472081218274,0.20703274517575154,0.0,0.09684947491248543,0.5120143961045835,0.7605055687648605,0.29406930675939863,0.75,like
6mkAhxAj1y5zvXWefkd9y7,Toujours en retard,0.7303921568627452,0.7171900161030595,0.45454545454545453,0.9517845961177206,0,0.07497071456462319,0.0010823651268478762,4.716202270381837e-05,0.24820803467244543,0.7745315973324866,0.666499812288825,0.18377709728205394,0.75,like
3a1kMFVGEPa0dykTF9Sv9m,Style libre,0.8995098039215687,0.6306360708534622,0.09090909090909091,0.8931496556042581,0,0.4904334244435768,0.09919321863247922,0.0,0.06767794632438741,0.19551180268868423,0.6661994744087099,0.19682877458867493,0.75,like
4Y4diRGOGDxZcDh9qYwFVv,230 (feat. PLK),0.6568627450980393,0.590378421900161,0.0,0.8479899812147776,0,0.5782897305739946,0.5577875891981378,0.0,0.13485580930155025,0.7840584312480153,0.12349726775956286,0.11911558623553226,0.75,like
1rssdvnvf0DZ4s2jdB3DCT,RVRE,0.5441176470588235,0.731280193236715,0.9090909090909091,0.9122855353788353,0,0.1341272940257712,0.04080107984250605,4.1795665634674924e-06,0.2682113685614269,0.39980946332168943,0.4202728069077712,0.19556063043891975,1.0,like
5HIaPHHvXP9D7lcDdFlvf9,Perle Rare,0.9068627450980392,0.5662238325281803,0.5454545454545454,0.8359924859110832,0,0.39476766887934406,0.6442200149457745,0.0,0.05950991831971996,0.6178681062771251,0.1653693738789471,0.16227573917406274,0.75,like
216QmkNpU3hIjeZtGocb9B,On sait jamais (feat. Niska),0.7769607843137255,0.8148148148148149,0.6363636363636364,0.934627426424546,1,0.2951971885982038,0.20301263235028008,0.0,0.15485914319053176,0.7480681697893511,0.6656655403996163,0.2037508001591668,0.75,like
205HNJ73cgpC0LAOnuQiWT,Bande organisÃ©e,0.9448529411764707,0.9426328502415459,0.5454545454545454,0.9893299937382591,1,0.48067161265130814,0.11758523480901123,0.0,0.052008668111351894,0.8147560071980524,0.69058524173028,0.48293974152696323,0.75,like
0jU7JpfPrm7jjaLjFLXZLh,Tâ€™as Compris Lâ€™Truc ?,0.9705882352941178,0.714170692431562,0.6363636363636364,0.9076268002504696,1,0.279578289730574,0.07828863194002755,4.0866873065015484e-05,0.2365394232372062,0.9195511802688685,0.37369540733324985,0.146359059531842,0.75,like
6Fn1k9ctMXsh5xrrMRaGQZ,Matrice,0.832107843137255,0.5752818035426731,0.45454545454545453,0.8444583594239199,0,0.697383834439672,0.4020082172111181,0.0,0.11985330888481413,0.7628876892135069,0.7658866224502564,0.18734969983218283,0.75,like
1NW4kNeeaRl5xxOnOLsYIJ,Pareil,0.8529411764705882,0.5571658615136876,0.45454545454545453,0.8452097683155918,0,0.3186255368996486,0.6874362278195929,0.0,0.14319053175529256,0.5882290674288133,0.7499770575230468,0.18996730160377848,0.75,like
4W1RGS4ncIY1yrz38rysN3,Pistolet Rose 2 - A COLORS SHOW,0.6458333333333334,0.3327294685990338,0.7272727272727273,0.7190482154038823,1,0.9726669269816479,0.061102649611137004,0.0,0.20653442240373399,0.2939557531491479,0.7341342343469738,0.03704434179339458,0.75,like
1LWunyq4LMbOGjPD128dJy,Seul,0.6629901960784315,0.5853462157809983,0.8181818181818182,0.8090670006261742,0,1.0,0.6532652688030853,0.0,0.1581930321720287,0.3500582195405949,0.49332165352688434,0.22877977889655887,1.0,like
4avTQmRrg717z7AuXqYY0V,Bon dÃ©jÃ ,0.8112745098039217,0.6286231884057971,0.0,0.8715591734502192,1,0.4826239750097619,0.30653053760617055,0.0,0.07484580763460577,0.6453900709219859,0.7913819713844742,0.1275272054116711,0.75,like
3Abk2vuXSoz1z9lJKjJkCr,SPEEDBOAT,0.9166666666666667,0.6235909822866345,0.18181818181818182,0.8833061991233563,1,0.7364310816087467,0.1537662502382545,0.0,0.09768294715785966,0.637980311209908,0.20706628290159762,0.14975865469455546,0.75,like
6pjtY9QtWHxTqPkTfGW0ru,"Nouveaux Hippies, Pt. 3",0.8075980392156864,0.8429951690821256,0.8181818181818182,0.9260112711333751,1,0.13510347520499807,0.031052306240737723,0.0,0.0975162527087848,0.4855509685614481,0.633112251282693,0.011759312122627636,0.75,like
5wXJNvoVOZBmB9b4EDP8xW,Paye,0.7561274509803922,0.6678743961352658,1.0,0.8620162805259862,1,0.33033971105037097,0.13065060149179353,0.0,0.5449241540256708,0.5247168413252885,0.14462937471321907,0.17302468815418418,0.75,like
136fhifxcZQYs60Qgac9bm,Loin,0.7475490196078431,0.4031803542673108,0.5454545454545454,0.8252974326862867,0,0.06969933619679813,0.5115562917052158,0.025490196078431372,0.11818636439406567,0.3130094209802054,0.6494139239978309,0.1659434957872701,0.75,like
0rs6jxe3647mGSc7l18Cq8,Potentiel (feat. Orelsan),0.832107843137255,0.6547906602254429,0.0,0.8787226048841579,0,0.5431472081218274,0.33668138379720663,0.0,0.1281880313385564,0.6390388483116334,0.6658323947774579,0.21087870452068302,0.75,like
0hkXsgdRk1TAOuOEpzznkI,Rivage,0.8100490196078433,0.500805152979066,0.09090909090909091,0.8129242329367564,0,0.7657165169855525,0.6060289431037954,0.0,0.11035172528754794,0.4834338943579973,0.5827889709256245,0.1615525682946662,0.75,like
5T5mtNBCvVQ01WPr3MRzUY,Sang-froid,0.7254901960784313,0.7383252818035426,0.2727272727272727,0.883331246086412,0,0.05993752440452949,0.433164091608522,1.217750257997936e-06,0.1498583097182864,0.5787022335132846,0.2476869811871689,0.2278801404819986,0.75,like
2fl01uGwbppFEci7qij1lU,Y'a R,0.8308823529411766,0.6497584541062802,0.36363636363636365,0.9210018785222291,0,0.47871925029285445,0.39798810438564663,0.0,0.13985664277379564,0.6591510532444163,0.7492345555416511,0.17784640404145258,0.75,like
5fEJDiHWMECUifmNipjvqO,BBJTM,0.8051470588235295,0.573268921095008,0.09090909090909091,0.8702567313713212,1,0.3791487700117142,0.14572602458731154,0.0,0.07034505750958495,0.6475071451254367,0.7921077879280857,0.17683085067732393,0.75,like
51SASYrlAU3DByPIsQFT9B,S.A.M.Y,0.7683823529411765,0.45148953301127215,0.18181818181818182,0.7799624295554164,1,0.5158141351034752,0.048740802672812215,1.6099071207430343e-06,0.5065844307384564,0.4982534137821531,0.7497100905184999,0.1554627082576426,0.75,like
03JjVo4OYciAi88SEdtDii,S'en tirer,0.5318627450980392,0.7453703703703703,0.5454545454545454,0.913688165309956,1,0.37524404529480676,0.586933407182806,0.0,0.11318553092182033,0.1648142267386472,0.9066700037542235,0.1876507326862857,0.75,like
73csFz02rFRAGhlV7wFajY,GROSSE BLETA (feat. Kaaris),0.9031862745098039,0.4575281803542673,0.09090909090909091,0.8604383218534752,1,0.4084342053885201,0.09919321863247922,0.0,0.10601766961160192,0.16693130094209804,0.3410586910274059,0.23101676441584057,0.75,like
3Wy1HGyh2hnHMF0xS2tJqH,Freestyle Savies #3,0.5759803921568627,0.5360305958132046,0.36363636363636365,0.7572448340638698,1,0.6798125732135885,0.27537466320876663,0.0,0.10885147524587431,0.179633746162803,1.0,0.17092610854483486,0.5,like
3ZkkwW0R78PahonxsdNZ4U,Gris,0.8578431372549019,0.6135265700483092,0.9090909090909091,0.8720100187852223,0,0.09996095275283093,0.11256009377717188,0.0,0.0935155859309885,0.22938498994389755,0.31550494306094357,0.28849500873687306,0.75,like
1l4RFBJ96hKYXRBl9AWCVt,Fais-le,0.4938725490196079,0.5944041867954911,1.0,0.9261615529117094,1,0.05915657946114799,0.1567813348573581,0.027038183694530444,0.08134689114852477,0.05663173494230973,0.5712676761356525,0.14073112921921765,1.0,like
063QMlz0AK9iDJmVZEc2fP,Ailleurs,0.6372549019607844,0.5460950080515299,0.36363636363636365,0.8653475266123983,0,0.04607575165950801,0.27235957858966303,7.574819401444788e-06,0.11485247541256874,0.0822483328040648,0.13625328494556377,0.28324942475043685,0.75,like
5hlashYN7IwHpQ4PLtQNf4,Batman,0.814950980392157,0.49275362318840576,0.0,0.7886286787726988,1,0.5821944552909021,0.41808866851300397,0.0,0.25487581263543924,0.6496242193288875,0.8077337004129647,0.03171225411325063,0.75,like
3wG9ykVbw7fhfLsoZGPT1E,Bleu pÃ¢le,0.8811274509803921,0.8158212560386473,1.0,0.9248841577958672,1,0.8028114017961734,0.5226116019752624,0.0,0.2448741456909485,0.6665608129564942,0.7247153047178074,0.11876957146070137,0.75,like
1O4qKxSYi8Hs2nQEXrISZ4,Windsor - A COLORS SHOW,0.8553921568627451,0.750402576489533,0.09090909090909091,0.8494176581089543,0,0.935572042171027,0.6422099585330387,0.0,0.5115852642107018,0.5765851593098338,0.577833395903725,0.2177211466929638,0.75,like
5JIeLpAbKtpFrCSWeOAiwo,Siri 4,0.886029411764706,0.6698872785829308,0.2727272727272727,0.8833061991233563,1,0.8184303006638033,0.26431935293872005,0.0,0.11818636439406567,0.7512437810945274,0.816118132899512,0.15252331274545422,0.75,like
7tN7t8ECFVrExNd3qaqT3u,J'ai priÃ©,0.6850490196078431,0.6819645732689211,0.6363636363636364,0.8944270507201001,0,0.09683717297930496,0.39396799156017515,1.259029927760578e-06,0.12318719786631105,0.5628241769874034,0.1274266883577357,0.1580785799553641,0.75,like
2EMTOyiYWGOIS3qg5jkcQT,Larmes,0.6985294117647058,0.7212157809983897,0.45454545454545453,0.9052222917971197,1,0.12143693869582195,0.7286423842806754,0.0,0.13818969828304717,0.41674605694929606,0.6991198431568849,0.12423660490302936,0.75,like
6KigD0mlF4VGDYiSEzAyYw,Fight Back,0.7181372549019608,0.9496779388083736,0.09090909090909091,0.973049467752035,1,0.45529090199140965,0.09446958606255024,6.842105263157895e-05,0.08234705784297384,0.5839949190219117,0.6655153714595587,0.21343575370668327,0.75,like
66ks5ll4gswiaE7lfb2QMz,Chloroquine,0.9129901960784315,0.47463768115942023,0.09090909090909091,0.852122730118973,1,0.4845763373682156,0.3015053965743312,1.1042311661506708e-06,0.1331888648108018,0.5532973430718747,0.64953072206232,0.1198543277797962,0.75,like
7gi31ULI4vzNFUw8pokrfm,Dans l'dos,0.8566176470588235,0.7101449275362318,0.9090909090909091,0.9320225422667502,1,0.14486528699726667,0.33065121455899943,0.0,0.09984997499583265,0.7279559648565682,0.6656655403996163,0.21904465320669192,0.75,like
7Khbx8MgVTwIJe8YBi8tci,No Stress,0.7598039215686275,0.7604669887278583,0.5454545454545454,0.8803757044458359,0,0.45529090199140965,0.31959590428895285,0.0,0.2048674779129855,0.5321266010373664,0.5909147791265174,0.22612757564748015,0.75,like
2o7n4nINXpjbo9VpsHZ8Ik,Gang (feat. Kalash Criminel),0.9534313725490197,0.6115136876006442,0.8181818181818182,0.9148653725735755,1,0.47481452557594694,0.2140679426203266,3.4674922600619193e-05,0.34655775962660446,0.4315655763734519,0.6660409627497602,0.20831819518693448,0.75,like
4QMaRC93F0aFx3S648CLyh,Animal In Me,0.4607843137254902,0.8842592592592593,0.45454545454545453,0.9209768315591734,0,0.15657946114798907,0.00016075426160854062,0.001475748194014448,0.32822137022837145,0.5511802688684239,0.7334334459600385,0.19051400494801127,0.75,like
0PieJw6d3jyki3JTxgZhIr,Watcher,0.5526960784313726,0.8530595813204509,0.45454545454545453,0.9720976831559173,0,0.08902772354549006,0.1859271528420263,0.00047471620227038184,0.1931988664777463,0.34053138562506613,0.7662537020815083,0.17578588605733464,0.75,like
3F1vWVOvzgKx7r5ZRp19gu,Stress of Success,0.5367647058823529,0.7906602254428342,0.18181818181818182,0.8668002504696305,1,0.08043732916829364,0.1919573220802335,0.00018163054695562435,0.07384564094015669,0.30983380967502916,0.6656488549618321,0.2454525008217851,0.75,like
2UREu1Y8CO4jXkbvqAtP7g,Monster,0.625,0.9607487922705313,0.7272727272727273,1.0,1,0.09039437719640765,0.04331365035842572,0.0,0.07634605767627939,0.6951413147030803,0.6242105702248362,0.17440874725350772,0.75,like
0i8JFpqe9cKwnrcvoNgl1L,Feel Invincible,0.5796568627450981,0.889291465378422,0.45454545454545453,0.9639073262366937,0,0.10913705583756345,0.00044919735683611895,0.0,0.3782297049508252,0.380755795490632,0.5494014099194928,0.26423418279960553,0.75,like
5O9Dz0h08LuBi0aVvDcylh,The Resistance,0.4325980392156863,0.9446457326892109,0.18181818181818182,0.9683907326236694,0,0.05798516204607576,0.000525579500520077,3.6119711042311664e-06,0.461576929488248,0.49507780247697686,0.7997497184332373,0.2679261604470511,0.75,like
4Ahphc0UzRSoMpJRHgnGQK,I Want to Live,0.39460784313725494,0.965780998389694,1.0,0.9817908578584845,0,0.10796563842249121,0.009052238803345077,0.0,0.05317552925487582,0.561765639885678,0.8664831268510409,0.22771924361170223,0.75,like
3dl4lXWlOxnGo94OqNtpdq,Mauvais,0.5955882352941176,0.535024154589372,0.9090909090909091,0.8014276768941766,0,0.8887153455681375,0.6422099585330387,0.0,0.08551425237539591,0.5511802688684239,0.9167229800191883,0.1198543277797962,0.75,like
3DWDcsDoXRIFynCREIkibM,En premiÃ¨re page,0.823529411764706,0.55012077294686,0.45454545454545453,0.8431058234189104,0,0.06891839125341664,0.26934449397055943,0.005118679050567595,0.10885147524587431,0.48978511696834975,0.6575147040420474,0.1858514558571651,0.75,like
6fmtZEUoGwxPNvUgr0NJm1,Bi Chwiya,0.7806372549019609,0.660829307568438,0.6363636363636364,0.9447714464621163,1,0.021280749707145646,0.7889440766627476,0.0,0.13152192032005333,0.63057055149783,0.2493221540900179,0.18947250047577033,0.75,like
2edc1m7WXxdBA61WlxSInp,Derniers rÃ©glages,0.7622549019607844,0.4685990338164251,0.0,0.808891671884784,1,0.5958609918000781,0.809044640790105,0.0,0.17152858809801638,0.7205462051444903,0.18874567221457472,0.1765540388574592,0.75,like
3qjDXaWCalJ9ZzaHBG4j3V,Remise en forme,0.8174019607843138,0.6557971014492754,0.7272727272727273,0.8738384470882906,1,0.42405310425614995,0.6361797892948315,0.0,0.12152025337556259,0.6400973854133588,0.7087139698827849,0.16490545146277746,0.75,like
4pFC6tuWErxbO61oFFq3BQ,Hammer Smashed Face,0.27818627450980393,0.9838969404186796,0.5454545454545454,0.8873137132122729,1,0.09996095275283093,4.939713634298075e-05,0.869969040247678,0.07284547424570761,0.3521752937440457,0.3069953697910148,0.28642584038338437,0.75,dislike
6V3SNkvi4BnfmZU0j7s9TQ,Scourge of Iron,0.3872549019607843,0.980877616747182,0.9090909090909091,0.9323731997495303,0,0.09820382663022258,0.0005346247543773877,0.4871001031991744,0.11985330888481413,0.3214777177940087,0.9334501313978225,0.35846611650317467,0.75,dislike
1Ds58cpyJzL0YTKk02vh1C,Evisceration Plague,0.19730392156862744,0.9838969404186796,0.09090909090909091,0.929818409517846,1,0.24443576727840688,0.0012733204860577714,0.09391124871001032,0.11485247541256874,0.23467767545252463,0.1636924873816377,0.335144720679573,0.75,dislike
77QKNMGwlnzxsTZPYfByMu,Necrogenic Resurrection,0.40686274509803927,0.9778582930756844,0.09090909090909091,0.9127363807138384,1,0.10503709488481064,2.6482493237793343e-05,0.7461300309597523,0.07001166861143525,0.38498994389753366,0.39799774746589905,0.1892233698378921,0.5,dislike
3bQoMbPYOvvseHaSOWAQ3Q,I Cum Blood,0.25490196078431376,0.9919484702093397,0.7272727272727273,0.8759173450219161,0,0.11460367044123389,8.085451920229503e-05,0.8596491228070176,0.007667944657442907,0.4379167989838044,0.3243231969298795,0.2504403038009723,0.75,dislike
1sWcWDgthOikmqaHdfTfW2,"Stripped, Raped, And Strangled",0.15441176470588236,0.9557165861513687,0.6363636363636364,0.8423293675641829,0,0.1468176493557204,1.8944781690034327e-05,0.6057791537667698,0.1698616436072679,0.039271726474012926,0.7033746297918492,0.2230359336343662,0.75,dislike
10nOWGyxyXW42t9NH6BNSS,Death Walking Terror,0.2977941176470588,0.9838969404186796,0.09090909090909091,0.932874139010645,0,0.1839125341663413,0.00031753866180192817,0.934984520123839,0.11985330888481413,0.3225362548957341,0.3101405748133317,0.23311707409906404,0.75,dislike
5WGvXmLt6acluR7TfhlHUH,Inhumane Harvest,0.0,0.9506843800322061,0.7272727272727273,0.9110331872260489,1,0.1311987504880906,2.1557855026590786e-05,0.3797729618163055,0.02033672278713119,0.31618503228538164,0.003837650690359995,0.33873462396844345,0.75,dislike
4YWg4PxJzMn84j7Fo32W4M,Code of the Slashers,0.11642156862745098,0.9838969404186796,0.5454545454545454,0.91759549154665,1,0.22491214369386958,2.8040286957663537e-06,0.8875128998968008,0.05367561260210035,0.07378003599026146,0.458065323488925,0.3610733378315254,0.75,dislike
6m5EVmAlKhJwbQCT3xN5Kt,Priests Of Sodom,0.5404411764705882,1.0,0.9090909090909091,0.9356042579837194,0,0.3654822335025381,4.648255454451393e-05,0.6202270381836945,0.25654275712618774,0.012173176669842281,0.29050181454135904,0.2326776353350288,0.75,dislike
6GjNQbnAPCFCxp45txPVfh,The Time To Kill Is Now,0.3897058823529412,0.9738325281803543,0.09090909090909091,0.9533876017532873,1,0.15072237407262787,0.00042708673629602586,0.9411764705882354,0.5715952658776463,0.36593627606647616,0.49258749426438075,0.08075465822390616,0.75,dislike
7tLevkJnFLOMtOOUmhznQa,Murderous Rampage,0.2855392156862745,0.9979871175523349,0.7272727272727273,0.9137132122730119,1,0.20148379539242486,3.402020478555236e-05,0.6006191950464396,0.28988164694115687,0.10977029744892561,0.39916572811079126,0.2947371152748222,0.75,dislike
6gP7mrmL9EsFS3sMpk3Ig3,No Remorse,0.1482843137254902,0.984903381642512,0.9090909090909091,0.8761177207263618,0,0.17610308473252637,5.9949932509843376e-05,0.7523219814241486,0.3098849808301384,0.2537313432835821,0.32675927084636874,0.5157419421809312,0.75,dislike
1SEE3lvWDlSYVEySrrAfMs,Split Wide Open,0.20465686274509803,0.9969806763285024,0.8181818181818182,0.8788478396994364,1,0.17610308473252637,5.381926045099937e-05,0.7946336429308566,0.07251208534755793,0.1510532444162168,0.5633170650314937,0.18204529333402536,0.75,dislike
1zXTJp4mMwu2y69LajfzFK,Make Them Suffer,0.20465686274509803,0.9768518518518519,0.09090909090909091,0.9456731371321226,1,0.24053104256149943,0.0014642758452676663,0.9473684210526316,0.17652942157026175,0.21033132211284009,0.35528302673841405,0.1614453037144686,0.75,dislike
107S1KOprUaRQqfI9nugxv,Condemnation Contagion,0.0661764705882353,0.9778582930756844,0.7272727272727273,0.9022917971195992,0,0.1526747364310816,2.0251318358312558e-05,0.9143446852425181,0.34655775962660446,0.31195088387847997,0.2803153547741209,0.31173682116226364,0.5,dislike
42es8ZJzFiOvjLR1yv0Sn7,Gutted,0.27941176470588236,0.980877616747182,0.7272727272727273,0.8536505948653725,0,0.08766106989457244,7.914597125146966e-05,0.9535603715170279,0.11651941990331721,0.4379167989838044,0.6466441413256582,0.20234425009947926,0.75,dislike
5ycOd8aYjGCIrDfLNKqmKW,Necropedophile,0.16666666666666669,0.9899355877616747,0.7272727272727273,0.8494677520350659,0,0.2698164779383054,0.00038487555162857536,0.7708978328173375,0.661610268378063,0.2823118450301683,0.2169774329453969,0.29163855296621166,0.75,dislike
3SP4UoCeEfG8OUevkxbPlX,Five Nails Through The Neck,0.196078431372549,0.9376006441223833,0.9090909090909091,0.9413149655604257,0,0.13354158531823504,0.00032356883104013535,0.8802889576883385,0.6999499916652776,0.15317031861966762,0.43935260501397405,0.2571997024272936,0.5,dislike
0HPmWGyYJ0xP1DYUWk8Fwm,Bound and Burned,0.00980392156862746,0.9949677938808373,0.7272727272727273,0.9167188478396994,1,0.2873877391643889,1.2311595528006392e-05,0.8575851393188855,0.5065844307384564,0.03863660421297767,0.28592166186960327,0.2889846196432588,0.0,dislike
5HRWatW5cXb8Ufy3An0LeS,A Skull Full of Maggots,0.14705882352941177,0.9859098228663445,0.09090909090909091,0.860363180964308,0,0.22881686841077703,5.532680276055118e-05,0.00015583075335397318,0.22987164527421242,0.13835079919551183,0.6385183331247654,0.08499852943720697,0.75,dislike
27zu28YulIo7buGdzgN0bm,The Cryptic Stench,0.14338235294117646,0.9959742351046699,0.7272727272727273,0.8639949906073888,0,0.09644670050761422,2.557796785206226e-05,0.824561403508772,0.07951325220870145,0.29924843865777495,0.6901097067534309,0.27662151173855126,0.75,dislike
4uy1mXLQUe6IW9BNUfZx15,The Pick Axe Murders,0.08088235294117647,0.9869162640901771,0.7272727272727273,0.8464621164683782,0,0.10542756735650137,0.0,0.9484004127966977,0.10468411401900315,0.29713136445432414,0.9968714804154674,0.18446739675784157,0.75,dislike
3iZOVTPjyUEq9f5HsUQCj7,"Surround, Kill, Devour",0.3970588235294118,0.9718196457326892,0.5454545454545454,0.9009893550407012,1,0.09937524404529482,1.4321651940742131e-05,0.3488132094943241,0.02350391731955326,0.5289509897321901,0.3653610311600551,0.2994048545872909,0.75,dislike
67gauLFb25vQYR7qMhNnTT,Disfigured,0.1409313725490196,0.9184782608695653,0.09090909090909091,0.8332874139010645,1,0.08590394377196409,9.603044511844986e-05,0.7265221878224974,1.0,0.47284852334074307,0.34076669586618274,0.26215809415062025,0.5,dislike
6hzi3AGB39FjxFqcjgbWs7,Deux frÃ¨res,0.8137254901960785,0.660829307568438,0.6363636363636364,0.8816030056355666,0,0.042951971885982036,0.1437159681745758,0.002311661506707946,0.10218369728288049,0.2886630676405208,0.4325532891169232,0.2945571875919102,0.75,dislike
6VSaNvPPagk4U5Skxp6XfV,Au DD,0.7928921568627452,0.7000805152979066,0.5454545454545454,0.8654978083907325,0,0.08317063647012887,0.2944701991297561,2.3942208462332305e-05,0.09618269711618604,0.08859955541441727,0.4988278479956617,0.294039895503538,0.75,dislike
1gVnckXtTdCoLwtiPPqlQS,A l'ammoniaque,0.5661764705882353,0.37097423510466987,0.8181818181818182,0.8089167188478398,0,0.0310425614994143,0.4020082172111181,0.0003787409700722394,0.10368394732455409,0.1711654493489997,0.5655946272890333,0.4140810712617429,0.75,dislike
1w2OwBeojIZI8hTI5WkMkV,MOWGLI II,0.7340686274509804,0.5340177133655395,0.8181818181818182,0.8054351909830934,0,0.812573213588442,0.7507530048207686,4.6852425180598555e-06,0.08618103017169529,0.40933629723721815,0.7994660659909064,0.25734848878047095,0.75,dislike
295SxdR1DqunCNwd0U767w,Blanka,0.8186274509803922,0.5652173913043478,0.18181818181818182,0.9087288666249218,1,0.0374853572823116,0.2311534221285804,1.888544891640867e-05,0.24987497916319387,0.37969725838890656,0.3990572727651942,0.3062490268334458,0.75,dislike
6YHnhfw8yMCx4vZvsgem3D,Hasta la vista,0.8529411764705882,0.7624798711755234,1.0,0.8986599874765185,0,0.17415072237407264,0.39396799156017515,0.0,0.16486081013502255,0.8232243040118555,0.33206524006173616,0.24062213456514595,0.75,dislike
00X2yv2vrtritPt2CZnUTZ,BenÃ©,0.8014705882352942,0.7020933977455717,0.6363636363636364,0.8669254852849092,0,0.15657946114798907,0.49346578399059415,0.0,0.12485414235705951,0.7766486715359374,0.1823468068243441,0.1952630577325652,0.75,dislike
0vfB1HhL36tfV8q6LLKtgo,Tahia,0.5012254901960785,0.4877214170692431,0.09090909090909091,0.8167313713212273,1,0.34010152284263967,0.31055065043164204,0.0,0.1065177529588265,0.3595850534561236,0.9161473324156344,0.18883756336395563,0.75,dislike
4GCIYE1x1TWJCChPkpy9by,Onizuka,0.6838235294117647,0.5702495974235104,0.9090909090909091,0.8830056355666875,0,0.018937914877001173,0.39396799156017515,0.0001805985552115583,0.144857476246041,0.342648459828517,0.40770867225628826,0.3030570405356309,0.75,dislike
5n9NAd0Y5OUeOGU0nVtLua,Chang,0.7536764705882353,0.45652173913043476,0.7272727272727273,0.8210144020037571,1,0.11636079656384227,0.44220934546583285,0.0,0.06484414069011502,0.09389224092304435,0.28249280440495556,0.41031124028996036,0.75,dislike
4LAGHmHcSt0HHwXCJcFri6,91's,0.795343137254902,0.7071256038647342,0.36363636363636365,0.8622917971195994,0,0.10718469347910972,0.27838974782787024,0.0,0.07884647441240207,0.20398009950248758,0.3577107579360113,0.2705731734745074,0.75,dislike
0lkQfsTMmtDA37tjjew9n0,Naha,0.5870098039215687,0.5179146537842191,0.5454545454545454,0.8692298058860363,0,0.03377586880124952,0.23215845033494828,3.735810113519092e-05,0.07434572428738125,0.04318831375039695,0.5067617736620365,0.36058891714676217,0.75,dislike
5UOGzIMvxXyRZIWBbqDcpU,DA,0.7169117647058824,0.6839774557165862,0.6363636363636364,0.8652974326862868,1,0.14096056228035928,0.32663110173352794,4.334365325077399e-06,0.09951658609768295,0.10659468614374935,0.3576189880281984,0.2643725887095379,0.75,dislike
1gRMO4h3NGb1ZJA7TNdMPj,Zoulou tchaing,0.6446078431372549,0.38103864734299514,0.0,0.839173450219161,0,0.1023037875829754,0.6562803534221889,0.0,0.13818969828304717,0.13835079919551183,0.2063654945146623,0.4296690368678743,0.75,dislike
7dn6WQzScfRGpp7XdTiCj0,Le monde ou rien,0.6348039215686275,0.46557971014492755,0.5454545454545454,0.8151534126487163,0,0.279578289730574,0.7758787099799653,2.043343653250774e-06,0.42323720620103344,0.3934582407113369,0.35751887540149335,0.3098181692358264,0.75,dislike
2lFWyfuXtCN8Sb7cHJILva,J'suis QLF,0.7401960784313726,0.42532206119162635,0.0,0.8137257357545397,1,0.06969933619679813,0.13165562969816139,1.764705882352941e-05,0.0658443073845641,0.21138985921456546,0.4571643098485796,0.3306932406013737,0.75,dislike
2jBleFNl3YK8lyJc1OvxXt,Jusqu'au dernier gramme,0.7745098039215687,0.6014492753623188,0.45454545454545453,0.8685284909204758,0,0.12319406481843029,0.5447222225153555,0.0,0.08501416902817135,0.3754631099820049,0.46499812288824927,0.47650386671510875,0.75,dislike
5gqh2FMBquUEwDsRUU4pCF,Shenmue,0.9546568627450981,0.5833333333333333,0.6363636363636364,0.9243331246086411,1,0.07555642327215932,0.06994689782717424,4.932920536635707e-05,0.10885147524587431,0.8560389541653435,0.549718433237392,0.29825608553485233,0.75,dislike
6aH3QgooXRmx8k8jzrSm3V,A l'Ammoniaque,0.5551470588235294,0.38103864734299514,0.8181818181818182,0.8072135253600501,0,0.02948067161265131,0.41808866851300397,0.0002332301341589267,0.10451741956992833,0.1245898168730814,0.5631001543402996,0.4137904188508849,0.75,dislike
1s3XtkdfT3obSCbQVWtvX9,La misÃ¨re est si belle,0.8247549019607844,0.6256038647342995,0.6363636363636364,0.8890920475892297,0,0.03885201093322921,0.45326465573587943,0.0007574819401444788,0.11151858643107188,0.6273949401926537,0.2986443081800359,0.39328212314665834,0.75,dislike
3U8Fx7zNTQrctytkj6Gqgd,Carnival of the Animals: The Swan,0.1017156862745098,0.06360708534621579,0.6363636363636364,0.43709455228553545,1,0.03689964857477548,0.9969849153808964,1.0,0.06134355725954327,0.0032814650153487864,0.04047887206440576,0.1261985086763205,0.5,dislike
5xbuJuQsTVheVZvX2AJVIv,"Recomposed By Max Richter: Vivaldi, The Four Seasons: Spring 1",0.6997549019607843,0.34078099838969406,0.09090909090909091,0.7514339386349406,0,0.027333073018352205,0.5015060096415371,0.931888544891641,0.5432572095349224,0.13517518789033556,0.3782755600050057,0.1285514091451705,0.5,dislike
1L4NadMj3Jj7YgGaikyhfr,"6 Consolations, S. 172: No. 3 In D Flat Major (Lento, placido)",0.2916666666666667,0.00123792270531401,0.09090909090909091,0.13780839073262371,1,0.01405700898086686,0.9979899435872642,0.9514963880288958,0.17319553258876483,0.05260929395575316,0.07668627205606307,0.3058718707288801,0.5,dislike
3weNRklVDqb4Rr5MhKBR3D,Nuvole Bianche,0.07475490196078431,0.05615942028985507,0.7272727272727273,0.42236693800876646,1,0.05857087075361187,0.9658290409834924,0.9184726522187823,0.10168361393565595,0.010691224727426701,0.6043715846994536,0.48529264199581323,0.0,dislike
2d6ml9Qkx8r4EjuUyrdpRV,"Nocturne No.1 In B Flat Minor, Op.9 No.1",0.16053921568627452,0.012580515297906603,0.09090909090909091,0.3690169067000627,1,0.027528309254197584,0.9969849153808964,0.9256965944272446,0.11485247541256874,0.0030697575950037045,0.12618362324281487,0.3629418176156122,0.75,dislike
64LTn5fTsPR0QLy7bVYl9w,"Nocturne No. 19 in E Minor, Op. 72, No. 1",0.25000000000000006,0.00495169082125604,0.36363636363636365,0.28435817157169696,0,0.015033190160093711,0.9959798871745286,0.9824561403508771,0.10618436406067679,0.06467661691542288,0.0,0.285088493278663,0.75,dislike
6YDgMoJ8ssOuKjQ6jiz4Kk,"12 Etudes, Op.10: No.3 In E",0.32107843137254904,0.05152979066022544,0.36363636363636365,0.4724358171571697,1,0.05720421710269426,1.0,0.8947368421052632,0.07951325220870145,0.0067746374510426624,0.09272932048554625,0.2720783377450217,0.75,dislike
28XMNc5If5BmJWYDU42gkw,"Violin Concerto No.1 In A Minor, BWV 1041: 1. (Allegro moderato)",0.4522058823529412,0.35084541062801927,0.8181818181818182,0.7702442078897933,0,0.033190160093713394,0.9557787589198138,0.00010257997936016513,0.1415235872645441,0.6146924949719488,0.2543945271764068,0.2746388470787703,0.75,dislike
1eqyKmkcp7b2s1PU9fEZRS,Full Moon (Arr. Lewin for Guitar),0.2867647058823529,0.005626006441223834,0.7272727272727273,0.22970569818409514,1,0.022842639593908635,0.9829145204917462,0.9226006191950464,0.12652108684780797,0.03397904096538584,0.34251032411462895,0.2402899603813083,0.75,dislike
7N2tmiKcG2bUgZkuRKXor4,"Cello Suite No.1 In G Major, BWV 1007: 1. PrÃ©lude",0.09191176470588233,0.12741545893719805,0.6363636363636364,0.6027301189730745,1,0.06188988676298321,0.9728642384280676,0.9762641898864809,0.11318553092182033,0.2759606224198158,0.6398865390230677,0.16041417968547256,0.75,dislike
6mfmrVSe5Cm7cvsNwW6uJk,"Ave Maria, S. 558 (after Schubert, D. 839)",0.2512254901960785,0.02646940418679549,0.9090909090909091,0.37222291797119605,1,0.02577118313158923,0.9959798871745286,0.9164086687306502,0.09051508584764129,0.001905366783105751,0.060693279939932405,0.43389733741630765,0.75,dislike
1seJCRhM5PqQ5xGebh0iQ0,"24 Caprices For Violin, Op.1, MS. 25: No. 24 In A Minor",0.3774509803921569,0.0806159420289855,0.8181818181818182,0.5153412648716343,0,0.08141351034752052,0.9879396615235856,0.07729618163054695,0.021670278379729964,0.3542923679474966,0.3846327118007759,0.33355305271535096,1.0,dislike
1BncfTJAWxrsxyT9culBrj,Experience,0.38848039215686275,0.4494766505636071,0.18181818181818182,0.7921603005635567,1,0.019133151112846553,0.9386932794115601,0.9917440660474716,0.061010168361393564,0.00074097597120779,0.26944479205773164,0.41214511859656405,0.75,dislike
0kckvKwPBjQuVLgwGnICAv,"Piano Sonata No.14 In C Sharp Minor, Op.27 No.2 -""Moonlight"": 1. Adagio sostenuto",0.1678921568627451,0.0,0.09090909090909091,0.0,0,0.049394767668879354,1.0,0.9256965944272446,0.1018503083847308,0.24526304646977878,0.09391398656822256,0.5546097818376845,0.75,dislike
0U69ZvJfshKs1OVIyW1E7B,"12 Violin Concertos, Op.8 ""Il cimento dell'armonia e dell' invenzione"" / Concerto No. 3 in F Major for solo violin, ""L'Autunno"" - RV293: 1. Allegro",0.4080882352941177,0.1535829307568438,0.45454545454545453,0.6286036318096431,1,0.03162827020695041,0.8814066716485915,0.2693498452012384,0.11985330888481413,0.19762887689213507,0.5194677345346848,0.38843099600352937,0.75,dislike
0H2VhGUC3P3hvwz8rdGIpC,"Bagatelle No. 25 in A Minor, ""FÃ¼r Elise"", WoO 59",0.12254901960784315,0.046598228663446054,0.45454545454545453,0.3653350031308704,1,0.026161655603279974,0.9909547461426892,0.9752321981424148,0.05800966827804635,0.0695458875833598,0.622934134234347,0.2187730316084497,1.0,dislike
5qVqMPQdfFywNQIOP7Ncdz,Canon and Gigue in D major - arr. Max Seiffert: 1. Canon,0.18382352941176475,0.10225442834138486,0.18181818181818182,0.5625297432686287,1,0.011323701679031628,0.9396983076179279,0.8937048503611972,0.5482580430071679,0.14893617021276595,0.2707796270804655,0.402756007681528,0.75,dislike
1mlLOJXeUrwviYpUHYeZE8,"Le Carnaval des Animaux, R. 125: 7. Aquarium",0.07475490196078431,0.029488727858293075,0.8181818181818182,0.16643706950532253,0,0.025185474424053108,0.9889446897299534,0.9164086687306502,0.10718453075512585,0.11294590875410182,0.6324031201768656,0.12721233196657497,0.5,dislike
0OrZXWjGgGUuoIoqnLvtJN,Sometimes I Feel Like a Motherless Child,0.30514705882352944,0.07306763285024154,0.0,0.549355040701315,1,0.025380710659898487,0.9969849153808964,0.9422084623323014,0.12152025337556259,0.0,0.06725065698911274,0.28370443417933944,0.5,dislike
3QPPP2YozZ5xmMmpDB3c9n,Hallelujah (Arr. Cello & Strings),0.04411764705882354,0.053039452495974235,0.8181818181818182,0.5702442078897934,0,0.04724716907458024,0.9809044640790104,0.6553147574819401,0.14319053175529256,0.11400444585582724,0.9714679013890628,0.22372796318402796,0.5,dislike
1GBUqmdRjScFoG0cs8jEGZ,"Lyric Pieces Book III, Op.43: 6. To Spring",0.2303921568627451,0.06129227053140096,0.5454545454545454,0.46066374452097686,1,0.0447090980085904,0.9969849153808964,0.8988648090815273,0.0833472245374229,0.0032814650153487864,0.578108705627164,0.2109479074756492,0.5,dislike
4XJXYvjW0CB2MLMk8l7Vdi,"Partita for Violin Solo No. 1 in B Minor, BWV 1002: 4. Double. Presto",0.39950980392156865,0.45652173913043476,1.0,0.6563807138384471,0,0.05017571261226084,0.9778893794599068,0.36429308565531476,0.25487581263543924,0.9936487773896475,0.7034413715429859,0.23092507050051037,0.5,dislike
5xm20JNLHy9vUVrnmZS6Uj,"The Nutcracker, Op.71, TH.14 / Act 2: No. 14c Pas de deux: Variation II (Dance of the Sugar-Plum Fairy)",0.21691176470588236,0.04941626409017713,0.36363636363636365,0.3448465873512837,0,0.008980866848887154,0.7115569047724216,0.651186790505676,0.6449408234705784,0.1256483539748068,0.5663454719893214,0.08361447033788343,0.75,dislike
7KrdT8Zk0WGeyNtaCwQR08,"Die WalkÃ¼re, WWV 86B - Concert version / Dritter Aufzug: The Ride of the Valkyres",0.12867647058823528,0.3649355877616747,0.6363636363636364,0.7112586098935504,1,0.015228426395939089,0.931658081966985,0.9360165118679051,0.22820470078346394,0.09600931512649519,0.25875776915696824,0.18419058493797685,0.5,dislike
6yjpji2Jlie9S2zBm2GZwE,"Piano Concerto No.2 In F Minor, Op.21: 3. Allegro vivace",0.1629901960784314,0.20088566827697263,0.09090909090909091,0.6155040701314966,1,0.025380710659898487,0.9889446897299534,0.933952528379773,0.09318219703283881,0.08965809251614269,0.09419763901055357,0.8106157332918116,0.75,dislike
5nNmj1cLH3r4aA4XDJ2bgY,September,0.6948529411764706,0.8117954911433173,0.8181818181818182,0.8531997495303695,1,0.004685669660288955,0.11457015018990761,0.0005376676986584108,0.24987497916319387,1.0,0.5487006215325575,0.23809968685662877,0.75,dislike
5uuJruktM9fMdN9Va0DUMl,Play That Funky Music,0.8382352941176471,0.673913043478261,0.8181818181818182,0.7562429555416407,1,0.06657555642327216,0.04371566164097287,0.0,0.046507751291881984,0.9502487562189056,0.41065365202519505,0.3854552689399837,0.75,dislike
1nD9xhaOKlHmZssLhVWRo1,"Stayin' Alive - From ""Saturday Night Fever"" Soundtrack",0.7132352941176471,0.5531400966183575,0.9090909090909091,0.6706574827802129,0,0.016595080046856697,0.07557505578283431,0.0012383900928792568,0.19486581096849476,0.9798877950672171,0.36234930964001166,0.35373782460511066,0.75,dislike
4dwrL3Z5U2RZ6MZiKE2PgL,Superstition,0.6348039215686275,0.7534219001610306,0.7272727272727273,0.8435566687539136,1,0.1030847325263569,0.01828844801986579,0.00041382868937048505,0.014502417069511584,0.8761511590981264,0.3359279189087723,0.29000190308126156,0.75,dislike
0mLAgHQP1BOkoHhDu622BQ,Get Down On It,0.9301470588235294,0.6477455716586151,0.6363636363636364,0.8990607388854102,1,0.07614213197969544,0.195977434905705,3.292053663570692e-05,0.02850475079179864,0.9851804805758442,0.4227339089809368,0.2356775834328126,0.75,dislike
1qiQduM84A0VeH8Y2uAbqi,That's the Way (I Like It) - 2004 Remaster,0.6740196078431373,0.8802334943639292,0.45454545454545453,0.8020037570444584,0,0.014642717688402968,0.1919573220802335,0.0006769865841073271,0.5265877646274378,0.938604848099926,0.4046468944228924,0.18668189131675922,0.75,dislike
3SnGymj6ijE2iuUfWxLo1q,I'm Coming Out,0.7230392156862745,0.8309178743961352,0.45454545454545453,0.8278021289918598,1,0.035923467395548615,0.1859271528420263,0.44272445820433437,0.08468078013002169,0.775590134434212,0.4163016727151378,0.4258473036798671,0.75,dislike
0rTkE0FmT4zT2xL6GXwosU,I Got You (I Feel Good),0.5857843137254902,0.47161835748792263,0.0,0.8415028177833437,1,0.13022256930886375,0.44823951470404005,3.7461300309597526e-06,0.5599266544424071,0.6845559436858263,0.08785717265256746,0.1532793550284597,0.5,dislike
6CSLNGruNhqpb5zhfs5n3i,Celebration - Single Version,0.8737745098039216,0.6578099838969405,0.09090909090909091,0.7783844708829055,1,0.06188988676298321,0.04683124908071327,0.01929824561403509,0.2265377562927155,0.9481316820154547,0.5084136320026696,0.23952872787668034,0.75,dislike
0ikz6tENMONtK6qGkOrU3c,Wake Me Up Before You Go-Go,0.6004901960784313,0.5742753623188406,0.0,0.7606261740763932,1,0.02830925419757907,0.27235957858966303,0.0,0.046007667944657445,0.9121414205567906,0.17834230175614232,0.26665628622342175,0.75,dislike
40NRm1ZLvZpUSCUXAGGZ8J,Kung Fu Fighting,0.5735294117647058,0.6749194847020935,0.18181818181818182,0.7972448340638698,1,0.08102303787582976,0.042409124972694646,7.058823529411764e-05,0.4265710951825304,0.587170530327088,0.3492595836983272,0.20845660109686684,0.75,dislike
45oFq8ZKV9KDhzYb2Rh1y4,Maniac - BOF Flashdance,0.6384803921568628,0.6407004830917875,0.2727272727272727,0.8622417031934878,0,0.059547051932838733,0.019092470584960084,0.0,0.03183863977329556,0.7650047634169578,0.8139740541442456,0.2945225861144271,0.75,dislike
4tyl9OMKMG8F2L0RUYQMH3,Walk Of Life,0.40563725490196084,0.9214975845410629,0.36363636363636365,0.8454351909830934,1,0.13295587661069894,0.40703335824295744,0.00034055727554179566,0.15485914319053176,0.8115803958928761,0.9365869937012472,0.29888237227729625,0.75,dislike
7e176FKv7cq6SG9EXYMLoQ,What Cha' Gonna Do for Me,0.6789215686274511,0.64170692431562,0.45454545454545453,0.8103944896681278,0,0.006052323311206564,0.22210816827126958,0.010526315789473686,0.24320720120020003,0.7851169683497407,0.38253034663996993,0.27173232297019084,0.75,dislike
3yDhZq8f17SmumVmEyCaRN,Give It Up,0.8970588235294118,0.6256038647342995,0.2727272727272727,0.76721352536005,1,0.05603279968762203,0.019293476226233657,0.00015789473684210527,0.02233705617602934,0.8962633640309093,0.5399824802903266,0.3062870884586772,0.75,dislike
2aEuA8PSqLa17Y4hKPj5rr,Cheri Cheri Lady,0.670343137254902,0.6175523349436393,0.9090909090909091,0.7122103944896682,1,0.008199921905505666,0.46029985318045447,0.013622291021671827,0.5265877646274378,0.8634487138774214,0.4509406415550828,0.2580059168526496,0.75,dislike
5zWZ9iNevP0397xB3jWV2z,Brother Louie,0.8002450980392157,0.8389694041867954,0.0,0.827501565435191,0,0.04060913705583756,0.39798810438564663,0.02435500515995872,0.1698616436072679,0.8422779718429131,0.40708296833938173,0.2516634660299995,0.75,dislike
3DZnc4lcqJF8FJmRbjrmA0,I Like Chopin (Single Edit),0.8174019607843138,0.4685990338164251,0.18181818181818182,0.8260738885410144,0,0.0,0.6030138584846918,3.0753353973168216e-05,0.04867477912985498,0.6273949401926537,0.4042631293538564,0.2962526599885815,0.75,dislike
1X4gWy941yRMvafHs4n2sQ,Ring My Bell,0.7965686274509804,0.5521336553945251,0.45454545454545453,0.731947401377583,0,0.0677469738383444,0.06160516371432094,0.10732714138286893,0.0,0.9883560918810205,0.5492679264172193,0.7175135378280653,0.75,dislike
6Lphpr9Z6H282Sguw0dUWa,Le Freak - Edit,0.8602941176470589,0.55414653784219,0.6363636363636364,0.7152410770194114,1,0.04080437329168294,0.042409124972694646,0.003673890608875129,0.35989331555259213,0.9047316608447127,0.49767655278855377,0.23959793083164652,0.75,dislike
1QqsAlhs7pxcXs9BMB1Nv5,"Disco Inferno - LP / 12"" Version",0.8186274509803922,0.748389694041868,0.9090909090909091,0.8421289918597369,1,0.006833268254588058,0.030549792137553787,0.37254901960784315,0.06201033505584265,0.9841219434741187,0.5704918032786885,1.0,0.75,dislike
6VuIKS2Z27jCutIapgCUZF,Shake Your Body,0.6384803921568628,0.8138083735909823,0.9090909090909091,0.7111083281152161,1,0.007809449433814923,0.06512276243660847,0.030237358101135193,0.11151858643107188,0.9809463321689426,0.43344596003837654,0.1892181796162696,0.75,dislike
7sMGwiS4vOMcz86ZY3vKYM,Girls Just Want to Have Fun,0.704656862745098,0.8500402576489533,0.5454545454545454,0.9936881653099561,1,0.016204607575165956,0.41607861210026825,3.3126934984520128e-06,0.6216036006001,0.7491267068910765,0.5035331414507987,0.2610975588657636,0.75,dislike
4JsQkSOE4taeyhH3pv1een,Self Control,0.8443627450980392,0.8138083735909823,0.5454545454545454,0.8641452723857233,0,0.01386177274502148,0.20401766055664794,0.005758513931888545,0.17652942157026175,0.7734730602307611,0.3880448838276394,0.2933461358800021,0.75,dislike
3P2zU7fEjnZRunH124QnJL,That's the Way (I Like It) - Edit,0.6446078431372549,0.9033816425120773,0.45454545454545453,0.8184846587351284,0,0.014837953924248345,0.07949466578766899,0.0014654282765737875,0.5349224870811802,0.9650682756430613,0.40484711967630244,0.18419058493797685,0.75,dislike
